id,subreddit,title,text,score,num_comments,created_utc
1,ecommerce,Coupang's same-day delivery is genuinely impressive,"I ordered a blender at 11pm and it arrived before 8am. Never seen logistics this tight outside of Amazon Prime. Rocket Delivery is no joke.",1247,89,1704067200
2,ecommerce,Why does online shopping keep getting worse?,"Hidden fees at checkout, packages arriving damaged, customer service that never responds. I'm so tired of this race to the bottom.",432,201,1704153600
3,korea,Korean e-commerce is way ahead of the West,"Coupang, Naver Shopping, Kakao — same-day or next-day delivery is just the norm here. Meanwhile my Amazon order is still 'preparing to ship' after 4 days.",2891,312,1704240000
4,technology,Samsung's new chip fab is a game changer for Korea,"The 2nm process node investment positions Samsung to compete directly with TSMC. This could shift the entire semiconductor supply chain.",987,145,1704326400
5,investing,Anyone else bullish on Korean tech stocks long term?,"KOSPI has been undervalued for years. Samsung, SK Hynix, LG Energy Solution — the fundamentals are strong even if sentiment is weak right now.",654,78,1704412800
6,ecommerce,Ordered the wrong item and the return process was a nightmare,"3 weeks, 6 customer service calls, and they still haven't issued my refund. This is why I'm going back to buying in person.",321,167,1704499200
7,logistics,How Coupang built the most efficient last-mile delivery in Asia,"Deep dive: they own the entire stack — warehouses, vehicles, drivers. No third-party dependencies. That's the secret to Rocket Delivery reliability.",1876,234,1704585600
8,korea,Living in Seoul and the convenience is insane,"I genuinely cannot go back to Western delivery standards. Same-day groceries, medicine, even furniture. The infrastructure here is world-class.",3201,445,1704672000
9,ecommerce,Dark patterns in online shopping are getting out of control,"Fake countdown timers, hidden subscription traps, fake reviews. The whole industry needs regulation.",789,312,1704758400
10,technology,AI-powered demand forecasting is transforming supply chains,"Companies using ML for inventory prediction are seeing 20-30% reductions in stockouts. The data advantage compounds over time.",1102,89,1704844800
11,ecommerce,Coupang Eats is genuinely better than DoorDash,"Faster, cheaper, more reliable. The driver network density in Seoul makes it incomparable to anything in the US.",567,123,1704931200
12,investing,Korean tech getting hammered today — buying opportunity?,"Everything down 5-8% on macro fears. SK Hynix at these prices feels like a gift if you have a 2-3 year horizon.",445,89,1705017600
13,ecommerce,The warehouse automation revolution is here,"Amazon, Coupang, JD.com — all racing to replace humans with robots. Efficiency gains are real but so are the labor concerns.",876,201,1705104000
14,korea,Disappointed with Coupang's quality control lately,"Multiple orders this month arrived with wrong items or damaged packaging. Quality has clearly slipped as they've scaled.",234,156,1705190400
15,technology,NVIDIA's dominance in AI chips is concerning for competition,"When one company controls the compute layer for an entire technological revolution, that's a systemic risk. But the moat is real.",1567,289,1705276800
16,ecommerce,Return policies across Korean e-commerce platforms compared,"Coupang: hassle-free 30 days. Naver: varies by seller. Gmarket: painful. Coupang wins on post-purchase experience.",789,134,1705363200
17,logistics,Supply chain disruptions in 2024 — what changed?,"Shipping costs normalized, but geopolitical risk moved from theory to reality. Nearshoring and inventory buffering are back in fashion.",654,178,1705449600
18,korea,The social safety net for gig workers in Korea needs work,"Coupang delivery workers logging 12-hour shifts with no benefits. The convenience economy has real human costs we're ignoring.",1234,567,1705536000
19,ecommerce,Best deal I've ever gotten online — pure luck and good timing,"Flash sale, forgot about it, got a notification, ordered a TV for 40% off. Sometimes the algorithm works in your favor.",2345,89,1705622400
20,technology,Why South Korea keeps producing world-class semiconductor companies,"The combination of government policy, education system, and chaebols created a unique environment. Not replicable easily.",1789,234,1705708800
21,ecommerce,Subscription fatigue is real — I cancelled 8 services this month,"Coupang Rocket WOW, Netflix, Spotify, everything. The value just isn't there anymore at current prices.",987,345,1705795200
22,logistics,How predictive analytics is changing inventory management,"Moving from reactive to predictive means holding 15-20% less inventory without increasing stockout rates. The math works.",1102,167,1705881600
23,korea,Learning Korean to work in tech — worth it?,"Three years in, now working at a Korean startup. The language opened doors that would have been closed otherwise. Absolutely worth it.",2567,312,1705968000
24,ecommerce,Coupang's IPO was overvalued and everyone knew it,"The narrative was compelling but the unit economics never made sense at that valuation. Now reality is catching up.",445,201,1706054400
25,technology,The gap between AI hype and production reality is enormous,"Every startup claims to be AI-first. Most are just calling an API. Real ML infrastructure is expensive and hard to maintain.",1876,289,1706140800
26,ecommerce,Why I only buy from verified sellers now,"Got burned twice by counterfeit products on marketplace platforms. The rating system is gamed and platforms don't care.",678,234,1706227200
27,korea,Seoul's smart city infrastructure is genuinely futuristic,"Real-time public transit data, cashless payments everywhere, AI-managed traffic signals. Living here makes Western cities feel dated.",3456,456,1706313600
28,logistics,Last-mile delivery costs are eating everyone's margins,"Fuel, labor, failed delivery attempts — the math on free shipping is getting worse every year. Someone has to pay eventually.",876,145,1706400000
29,ecommerce,Finally an online store that gets packaging right,"Zero plastic, recycled materials, right-sized boxes. Coupang's eco-packaging initiative is small but the direction is right.",1234,78,1706486400
30,technology,Samsung vs TSMC — the real competition,"TSMC has the leading edge process nodes but Samsung has the integrated ecosystem. This rivalry will define the next decade of computing.",2109,367,1706572800
31,ecommerce,Chatbot customer service is a regression not progress,"I spent 40 minutes with an AI chatbot that couldn't solve my problem. Just give me a human. The cost savings aren't worth the customer experience.",1567,445,1706659200
32,korea,The Korean wave is driving real economic value,"K-pop, K-drama, K-beauty — it's not just culture, it's a systematic export strategy. The soft power translates to hard revenue.",2890,234,1706745600
33,logistics,Cold chain logistics is the next frontier,"Fresh food, pharmaceuticals, temperature-sensitive goods — whoever solves cold chain at scale wins the next decade of e-commerce.",987,156,1706832000
34,ecommerce,Honest review: Coupang Rocket Delivery after 2 years,"98% on-time, packaging quality consistent, returns smooth. The 2% failures were handled without drama. Genuinely satisfied customer.",3102,89,1706918400
35,technology,Edge computing will reshape supply chain monitoring,"Real-time sensor data processing at the warehouse level without cloud round-trips. Latency matters more than people realize.",765,123,1707004800
36,investing,Coupang stock analysis — undervalued or value trap?,"Revenue growing 20% YoY but still burning cash. The question is whether Korean e-commerce market saturation comes before profitability.",543,178,1707091200
37,ecommerce,The dark side of ultra-fast delivery,"Workers speeding, cutting corners, burning out — the social cost of 30-minute delivery windows isn't reflected in the convenience.",1890,567,1707177600
38,korea,Why Korean work culture is slowly changing,"The 52-hour work week law was just the start. Gen Z is demanding work-life balance in ways their parents never could. Cultural shift is real.",2345,389,1707264000
39,logistics,Automation anxiety in Korean logistics,"Coupang's warehouse robots displaced 2,000 jobs this quarter. The efficiency gains are real. So is the human cost. Complex issue.",1234,456,1707350400
40,ecommerce,Impressed by how fast personalization has gotten,"The recommendation engine on Coupang now feels eerily accurate. Showed my wife a product, appeared in her feed within an hour. Both helpful and creepy.",876,234,1707436800
41,technology,Data privacy in Korean tech — stricter than you think,"PIPA enforcement has teeth. Korean companies take data protection seriously in ways that GDPR-compliant EU companies don't. Underrated story.",654,145,1707523200
42,ecommerce,Marketplace fraud is out of control,"Third-party sellers gaming reviews, selling fakes, then disappearing. Platform accountability needs to be mandated by law.",1102,389,1707609600
43,korea,The infrastructure investment paying off now,"The broadband and mobile network investments from 20 years ago are why services like Coupang and Kakao are possible. Long-term thinking works.",1567,178,1707696000
44,logistics,Just-in-time is dead — what replaces it?,"JIT was beautiful in stable times. Post-COVID, the resilience vs efficiency tradeoff has shifted permanently. Hybrid models are winning.",2109,234,1707782400
45,ecommerce,My package arrived broken for the third time,"I understand logistics is hard but this is basic packaging failure. The product was a phone. They shipped it in a paper envelope.",2890,567,1707868800
46,technology,SK Hynix HBM dominance — sustainable?,"They supply 70% of HBM chips powering AI training. Demand outstrips supply for at least 2 more years. This is a structural advantage.",1345,156,1707955200
47,ecommerce,Why I switched from Amazon to Korean alternatives,"Living in Seoul — Coupang is faster, cheaper, and the app is better designed. Amazon lost me as a customer here.",2678,289,1708041600
48,korea,The generational wealth gap in Korean real estate,"Young Koreans are priced out of home ownership in Seoul. The social implications are profound and underreported internationally.",3456,678,1708128000
49,logistics,Real-time visibility across the supply chain is table stakes now,"Any company without end-to-end tracking in 2024 is competing with one hand tied behind their back.",876,134,1708214400
50,ecommerce,Coupang's B2B logistics arm is the sleeper story,"Rocket Logistics for businesses is growing faster than the consumer segment. Enterprise supply chain as a service — huge TAM.",1234,89,1708300800
